Gene,AA Substitution,Pathogenicity,ClinVar ID,UniProt ID,Substitution Region
DDX3X,M1I,Pathogenic,3067176,O00571,IDR
DDX3X,A322V,Pathogenic,3062244,O00571,Folded
DDX3X,L431R,Pathogenic,3062159,O00571,Folded
DDX3X,F487L,Pathogenic,3062097,O00571,Folded
DDX3X,P386H,Pathogenic,3032979,O00571,Folded
DDX3X,Q241K,Benign,3026971,O00571,Folded
DDX3X,M1V,Pathogenic,2706048,O00571,IDR
DDX3X,A349T,Pathogenic,2663764,O00571,Folded
DDX3X,F447L,Pathogenic,2637151,O00571,Folded
DDX3X,I195T,Pathogenic,2627924,O00571,Folded
DDX3X,D329G,Pathogenic,2574969,O00571,Folded
DDX3X,Q417R,Pathogenic,2573016,O00571,Folded
DDX3X,R296H,Pathogenic,2572499,O00571,Folded
DDX3X,A393P,Pathogenic,2572467,O00571,Folded
DDX3X,S293F,Pathogenic,2545947,O00571,Folded
DDX3X,T204P,Pathogenic,2499826,O00571,Folded
DDX3X,R351P,Pathogenic,2499131,O00571,Folded
DDX3X,R534H,Pathogenic,2444713,O00571,Folded
DDX3X,P324R,Pathogenic,2430630,O00571,Folded
DDX3X,S591N,Pathogenic,2077177,O00571,IDR
DDX3X,A502T,Pathogenic,1971584,O00571,Folded
DDX3X,M1I,Pathogenic,1921343,O00571,IDR
DDX3X,P40L,Pathogenic,1802175,O00571,IDR
DDX3X,Q565H,Pathogenic,1711151,O00571,Folded
DDX3X,V496G,Pathogenic,1706539,O00571,Folded
DDX3X,T369S,Pathogenic,1704169,O00571,Folded
DDX3X,Y200C,Pathogenic,1703239,O00571,Folded
DDX3X,L457P,Pathogenic,1700084,O00571,Folded
DDX3X,Q14H,Benign,1693000,O00571,IDR
DDX3X,I364R,Pathogenic,1691603,O00571,Folded
DDX3X,I191T,Pathogenic,1519111,O00571,Folded
DDX3X,H472R,Pathogenic,1341528,O00571,Folded
DDX3X,Q417K,Pathogenic,1335763,O00571,Folded
DDX3X,R488P,Pathogenic,1330240,O00571,Folded
DDX3X,T498A,Pathogenic,1328123,O00571,Folded
DDX3X,Q417E,Pathogenic,1324218,O00571,Folded
DDX3X,L392P,Pathogenic,1285566,O00571,Folded
DDX3X,P386S,Pathogenic,1209997,O00571,Folded
DDX3X,R292L,Pathogenic,1205549,O00571,Folded
DDX3X,R202L,Pathogenic,1200185,O00571,Folded
DDX3X,R407G,Pathogenic,1198267,O00571,Folded
DDX3X,I306V,Pathogenic,1176303,O00571,Folded
DDX3X,S543L,Pathogenic,1164038,O00571,Folded
DDX3X,L353V,Pathogenic,1067730,O00571,Folded
DDX3X,D474G,Pathogenic,1067046,O00571,Folded
DDX3X,P205L,Pathogenic,1064811,O00571,Folded
DDX3X,F182V,Pathogenic,1033778,O00571,Folded
DDX3X,V513L,Pathogenic,1012216,O00571,Folded
DDX3X,Y525C,Pathogenic,988754,O00571,Folded
DDX3X,L435P,Pathogenic,987883,O00571,Folded
DDX3X,N515D,Pathogenic,981369,O00571,Folded
DDX3X,V448E,Pathogenic,981248,O00571,Folded
DDX3X,R475L,Pathogenic,978395,O00571,Folded
DDX3X,Q225R,Pathogenic,975674,O00571,Folded
DDX3X,A483D,Pathogenic,975672,O00571,Folded
DDX3X,G504E,Pathogenic,872859,O00571,Folded
DDX3X,R376H,Pathogenic,872857,O00571,Folded
DDX3X,M574V,Benign,872825,O00571,Folded
DDX3X,P40S,Pathogenic,810576,O00571,IDR
DDX3X,A383G,Pathogenic,807402,O00571,Folded
DDX3X,R534G,Pathogenic,694687,O00571,Folded
DDX3X,R296P,Pathogenic,666341,O00571,Folded
DDX3X,R480T,Pathogenic,632603,O00571,Folded
DDX3X,V513A,Pathogenic,588702,O00571,Folded
DDX3X,P274S,Pathogenic,559641,O00571,Folded
DDX3X,Q477E,Pathogenic,559627,O00571,Folded
DDX3X,V496M,Pathogenic,548024,O00571,Folded
DDX3X,M1I,Pathogenic,521712,O00571,IDR
DDX3X,V206M,Pathogenic,521268,O00571,Folded
DDX3X,L327V,Pathogenic,452135,O00571,Folded
DDX3X,T198P,Pathogenic,451547,O00571,Folded
DDX3X,T498I,Pathogenic,426897,O00571,Folded
DDX3X,I494S,Pathogenic,424349,O00571,Folded
DDX3X,K288E,Pathogenic,424139,O00571,Folded
DDX3X,R292Q,Pathogenic,424031,O00571,Folded
DDX3X,L220S,Pathogenic,423442,O00571,Folded
DDX3X,L505V,Pathogenic,421847,O00571,Folded
DDX3X,S382R,Pathogenic,419725,O00571,Folded
DDX3X,P40R,Pathogenic,419413,O00571,IDR
DDX3X,T323I,Pathogenic,383373,O00571,Folded
DDX3X,L556S,Pathogenic,381804,O00571,Folded
DDX3X,R121L,Pathogenic,375386,O00571,IDR
DDX3X,P568L,Pathogenic,375367,O00571,Folded
DDX3X,R351Q,Pathogenic,374335,O00571,Folded
DDX3X,L495S,Pathogenic,373151,O00571,Folded
DDX3X,L571S,Pathogenic,287454,O00571,Folded
DDX3X,P212H,Pathogenic,265672,O00571,Folded
DDX3X,G302S,Pathogenic,225893,O00571,Folded
DDX3X,R362C,Pathogenic,208549,O00571,Folded
DDX3X,R326H,Pathogenic,208547,O00571,Folded
DDX3X,I507T,Pathogenic,208546,O00571,Folded
FMR1,A411T,Benign,3030246,Q06787,IDR
FMR1,D100E,Benign,2663123,Q06787,Folded
FMR1,I170L,Benign,2463538,Q06787,Folded
FMR1,V225I,Pathogenic,1801484,Q06787,Folded
FMR1,T607M,Benign,1780757,Q06787,IDR
FMR1,N341S,Benign,1763358,Q06787,IDR
FMR1,P289L,Pathogenic,1098346,Q06787,IDR
FMR1,T160I,Benign,975230,Q06787,Folded
FMR1,K119N,Benign,804091,Q06787,Folded
FMR1,G266E,Pathogenic,590253,Q06787,Folded
FMR1,Y419C,Pathogenic,372871,Q06787,IDR
FMR1,N174K,Benign,211029,Q06787,Folded
FMR1,A145S,Benign,129104,Q06787,Folded
FMR1,I304N,Pathogenic,9969,Q06787,IDR
SYN1,G530D,Benign,2849255,P17600,IDR
SYN1,P505S,Benign,2787827,P17600,IDR
SYN1,P509S,Benign,2723503,P17600,IDR
TIMP1,M65I,Benign,2660430,,Folded
SYN1,P554S,Benign,2254467,P17600,IDR
SYN1,K318N,Pathogenic,1700038,P17600,Folded
SYN1,R420Q,Pathogenic,1319815,P17600,IDR
SYN1,D150E,Benign,1285071,P17600,Folded
SYN1,S79W,Pathogenic,997017,P17600,IDR
SYN1,R420W,Pathogenic,933392,P17600,IDR
TIMP1,R192W,Benign,732080,,Folded
TIMP1,R192Q,Benign,720215,,Folded
SYN1,S212I,Pathogenic,520609,P17600,Folded
SYN1,D120E,Benign,465097,P17600,Folded
SYN1,A457P,Benign,465089,P17600,IDR
SYN1,A51G,Benign,139384,P17600,IDR
CTNNB1,E692D,Pathogenic,2632320,P35222,IDR
CTNNB1,S348F,Pathogenic,2628333,P35222,Folded
CTNNB1,E571K,Pathogenic,2577930,P35222,Folded
CTNNB1,T547S,Benign,2227671,P35222,Folded
CTNNB1,Q773K,Benign,1255553,P35222,IDR
CTNNB1,G730D,Pathogenic,1255552,P35222,IDR
CTNNB1,R717H,Benign,1208710,P35222,IDR
CTNNB1,A215T,Benign,1200393,P35222,IDR
CTNNB1,Q482E,Pathogenic,1180556,P35222,Folded
CTNNB1,G216R,Pathogenic,1164027,P35222,IDR
CTNNB1,G235R,Pathogenic,1098411,P35222,Folded
CTNNB1,H470Y,Benign,975530,P35222,Folded
CTNNB1,E692D,Pathogenic,562195,P35222,IDR
CTNNB1,M8T,Benign,562026,P35222,IDR
CTNNB1,N380I,Pathogenic,520788,P35222,Folded
CTNNB1,L382P,Pathogenic,423116,P35222,Folded
CTNNB1,T41N,Pathogenic,376394,P35222,IDR
CTNNB1,S33T,Pathogenic,376393,P35222,IDR
CTNNB1,S33A,Pathogenic,376392,P35222,IDR
CTNNB1,S33P,Pathogenic,376391,P35222,IDR
CTNNB1,G34A,Pathogenic,376390,P35222,IDR
CTNNB1,S45C,Pathogenic,376242,P35222,IDR
CTNNB1,S45A,Pathogenic,376241,P35222,IDR
CTNNB1,T40I,Pathogenic,376240,P35222,IDR
CTNNB1,T40S,Pathogenic,376239,P35222,IDR
CTNNB1,T40S,Pathogenic,376238,P35222,IDR
CTNNB1,T40A,Pathogenic,376237,P35222,IDR
CTNNB1,T40P,Pathogenic,376236,P35222,IDR
CTNNB1,S37A,Pathogenic,376235,P35222,IDR
CTNNB1,S37P,Pathogenic,376234,P35222,IDR
CTNNB1,G34R,Pathogenic,376233,P35222,IDR
CTNNB1,D32V,Pathogenic,376230,P35222,IDR
CTNNB1,D32A,Pathogenic,376229,P35222,IDR
CTNNB1,D32N,Pathogenic,376228,P35222,IDR
CTNNB1,V22A,Pathogenic,376226,P35222,IDR
CTNNB1,A13T,Pathogenic,376223,P35222,IDR
CTNNB1,D32H,Pathogenic,376054,P35222,IDR
CTNNB1,L424R,Pathogenic,216915,P35222,Folded
CTNNB1,T41A,Pathogenic,17580,P35222,IDR
HNRNPU,G233S,Benign,3026990,Q00839,IDR
HNRNPU,P470R,Benign,2988142,Q00839,Folded
HNRNPU,K186M,Benign,2965645,Q00839,IDR
HNRNPU,K181T,Benign,2955487,Q00839,IDR
HNRNPU,P5S,Benign,2848327,Q00839,Folded
HNRNPU,G362V,Pathogenic,2822962,Q00839,Folded
HNRNPU,M338T,Pathogenic,2816872,Q00839,Folded
HNRNPU,L428F,Benign,2811714,Q00839,Folded
HNRNPU,A203P,Benign,2803024,Q00839,IDR
HNRNPU,G58R,Benign,2781829,Q00839,IDR
HNRNPU,A230P,Benign,2781030,Q00839,IDR
HNRNPU,L290F,Pathogenic,2768940,Q00839,Folded
HNRNPU,G111A,Benign,2750591,Q00839,IDR
HNRNPU,G222V,Benign,2727056,Q00839,IDR
HNRNPU,N772S,Benign,2725768,Q00839,IDR
HNRNPU,D280N,Benign,2724330,Q00839,IDR
HNRNPU,L439H,Benign,2713306,Q00839,Folded
HNRNPU,P465S,Benign,2712804,Q00839,Folded
HNRNPU,C453G,Benign,2430024,Q00839,Folded
HNRNPU,N424S,Benign,2413567,Q00839,Folded
HNRNPU,V604I,Benign,2405113,Q00839,Folded
HNRNPU,T474I,Benign,2210321,Q00839,Folded
HNRNPU,N797S,Benign,2165141,Q00839,IDR
HNRNPU,T530A,Benign,2162156,Q00839,Folded
HNRNPU,G157R,Benign,2124627,Q00839,IDR
HNRNPU,L419F,Benign,2111451,Q00839,Folded
HNRNPU,Q176H,Benign,2109879,Q00839,IDR
HNRNPU,A603T,Pathogenic,2042325,Q00839,Folded
HNRNPU,D27E,Benign,2016518,Q00839,Folded
HNRNPU,N781T,Benign,2015041,Q00839,IDR
HNRNPU,A195T,Benign,1980614,Q00839,IDR
HNRNPU,P163S,Benign,1962066,Q00839,IDR
HNRNPU,G151S,Benign,1960288,Q00839,IDR
HNRNPU,K21E,Pathogenic,1803039,Q00839,Folded
HNRNPU,G119S,Benign,1732689,Q00839,IDR
HNRNPU,L38I,Pathogenic,1685884,Q00839,Folded
HNRNPU,A440G,Benign,1674492,Q00839,Folded
HNRNPU,T641S,Benign,1664990,Q00839,Folded
HNRNPU,N735S,Benign,1660216,Q00839,IDR
HNRNPU,V623L,Benign,1610943,Q00839,Folded
HNRNPU,G717R,Benign,1608657,Q00839,IDR
HNRNPU,Q169R,Benign,1599213,Q00839,IDR
HNRNPU,P225R,Benign,1595959,Q00839,IDR
HNRNPU,Q807H,Benign,1563712,Q00839,IDR
HNRNPU,T685A,Benign,1550006,Q00839,IDR
HNRNPU,P446A,Benign,1538892,Q00839,Folded
HNRNPU,P200A,Benign,1532659,Q00839,IDR
HNRNPU,S766A,Benign,1502459,Q00839,IDR
HNRNPU,R762C,Benign,1425419,Q00839,IDR
HNRNPU,E394Q,Benign,1399702,Q00839,Folded
HNRNPU,S746I,Benign,1351565,Q00839,IDR
HNRNPU,G373D,Pathogenic,1333693,Q00839,Folded
HNRNPU,E125D,Benign,1196263,Q00839,IDR
HNRNPU,S687P,Benign,1134559,Q00839,IDR
HNRNPU,D496G,Benign,1129697,Q00839,Folded
HNRNPU,N792S,Benign,1078869,Q00839,IDR
HNRNPU,G220V,Benign,1061461,Q00839,IDR
HNRNPU,I469V,Benign,1044640,Q00839,Folded
HNRNPU,G157R,Benign,1011243,Q00839,IDR
HNRNPU,G101R,Benign,1003533,Q00839,IDR
HNRNPU,R268K,Pathogenic,992827,Q00839,IDR
HNRNPU,A152V,Benign,951324,Q00839,IDR
HNRNPU,E75Q,Benign,941217,Q00839,IDR
HNRNPU,E140K,Benign,871337,Q00839,IDR
HNRNPU,Q169H,Benign,836208,Q00839,IDR
HNRNPU,Q784E,Benign,833746,Q00839,IDR
HNRNPU,I406V,Benign,796590,Q00839,Folded
HNRNPU,P120R,Benign,765751,Q00839,IDR
HNRNPU,R303I,Benign,755307,Q00839,Folded
HNRNPU,D395H,Benign,751205,Q00839,Folded
HNRNPU,G153D,Benign,701987,Q00839,IDR
HNRNPU,S695G,Benign,699857,Q00839,IDR
HNRNPU,D147E,Benign,644677,Q00839,IDR
HNRNPU,K464R,Benign,640515,Q00839,Folded
HNRNPU,A227V,Benign,640405,Q00839,IDR
HNRNPU,D147N,Benign,574129,Q00839,IDR
HNRNPU,R755C,Benign,568783,Q00839,IDR
HNRNPU,Q581H,Pathogenic,545072,Q00839,Folded
HNRNPU,E651A,Benign,532556,Q00839,Folded
HNRNPU,E279D,Benign,532553,Q00839,IDR
HNRNPU,R324G,Pathogenic,522110,Q00839,Folded
HNRNPU,K28R,Benign,446406,Q00839,Folded
HNRNPU,K423R,Benign,414099,Q00839,Folded
HNRNPU,T292I,Benign,406727,Q00839,Folded
TCF4,H88R,Benign,2996306,P15884,IDR
TCF4,S102C,Benign,2916498,P15884,IDR
TCF4,P651T,Benign,2824393,P15884,IDR
TCF4,M7I,Benign,2784499,P15884,IDR
TCF4,E577G,Pathogenic,2753556,P15884,Folded
TCF4,N488S,Benign,2724127,P15884,IDR
TCF4,N574S,Pathogenic,2635279,P15884,Folded
TCF4,D219H,Pathogenic,2583122,P15884,IDR
TCF4,N573D,Pathogenic,2429817,P15884,Folded
TCF4,T293N,Benign,2122510,P15884,IDR
TCF4,S110L,Pathogenic,2046698,P15884,IDR
TCF4,P659L,Benign,2001238,P15884,IDR
TCF4,T104A,Benign,1999888,P15884,IDR
TCF4,R389L,Pathogenic,1722322,P15884,IDR
TCF4,L611P,Pathogenic,1706281,P15884,Folded
TCF4,T12M,Benign,1699939,P15884,Folded
TCF4,E622D,Pathogenic,1699434,P15884,Folded
TCF4,G496S,Pathogenic,1686252,P15884,IDR
TCF4,H2L,Benign,1638063,P15884,IDR
TCF4,M411V,Benign,1621201,P15884,IDR
TCF4,P657A,Benign,1600730,P15884,IDR
TCF4,G60R,Pathogenic,1485528,P15884,IDR
TCF4,P478A,Benign,1479245,P15884,IDR
TCF4,R576L,Pathogenic,1470528,P15884,Folded
TCF4,P490S,Benign,1407605,P15884,IDR
TCF4,T138A,Benign,1401968,P15884,IDR
TCF4,V617I,Pathogenic,1208406,P15884,Folded
TCF4,L611V,Pathogenic,1199893,P15884,Folded
TCF4,Q147H,Benign,1170291,P15884,IDR
TCF4,C121G,Benign,1164193,P15884,IDR
TCF4,P649L,Benign,1139580,P15884,IDR
TCF4,S224N,Benign,1137029,P15884,IDR
TCF4,N49S,Benign,1120361,P15884,IDR
TCF4,L591F,Pathogenic,1034603,P15884,Folded
TCF4,R582C,Pathogenic,1003911,P15884,Folded
TCF4,T606P,Pathogenic,985825,P15884,Folded
TCF4,S333F,Pathogenic,964240,P15884,IDR
TCF4,D540G,Pathogenic,943528,P15884,IDR
TCF4,S549C,Pathogenic,871590,P15884,IDR
TCF4,S108T,Benign,856233,P15884,IDR
TCF4,L591P,Pathogenic,854261,P15884,Folded
TCF4,M25V,Benign,846961,P15884,Folded
TCF4,V50L,Benign,833957,P15884,IDR
TCF4,G656S,Benign,833780,P15884,IDR
TCF4,K532E,Benign,833616,P15884,IDR
TCF4,T80M,Benign,808400,P15884,IDR
TCF4,K14I,Benign,751994,P15884,Folded
TCF4,G496C,Pathogenic,690393,P15884,IDR
TCF4,R570S,Pathogenic,666313,P15884,Folded
TCF4,A207S,Benign,665734,P15884,IDR
TCF4,A614V,Pathogenic,581714,P15884,Folded
TCF4,G428V,Benign,574403,P15884,IDR
TCF4,N97S,Benign,573921,P15884,IDR
TCF4,V617F,Pathogenic,560273,P15884,Folded
TCF4,T191A,Benign,536806,P15884,IDR
TCF4,R157Q,Benign,468959,P15884,IDR
TCF4,G113R,Benign,468958,P15884,IDR
TCF4,M80I,Benign,468956,P15884,IDR
TCF4,N70S,Benign,468955,P15884,IDR
TCF4,P490R,Pathogenic,468947,P15884,IDR
TCF4,I422T,Benign,452976,P15884,IDR
TCF4,A587V,Pathogenic,436964,P15884,Folded
TCF4,S253R,Pathogenic,432062,P15884,IDR
TCF4,L609P,Pathogenic,393171,P15884,Folded
TCF4,R576Q,Pathogenic,381549,P15884,Folded
TCF4,L242F,Benign,380236,P15884,IDR
TCF4,D219N,Pathogenic,279907,P15884,IDR
TCF4,Q624P,Pathogenic,212378,P15884,Folded
TCF4,A323V,Pathogenic,208487,P15884,IDR
TCF4,T439I,Benign,207547,P15884,IDR
TCF4,N195S,Benign,207546,P15884,IDR
TCF4,T138S,Benign,207532,P15884,IDR
TCF4,N90S,Benign,167731,P15884,IDR
TCF4,A315V,Benign,160091,P15884,IDR
TCF4,T75A,Benign,160082,P15884,IDR
TCF4,A614P,Pathogenic,160081,P15884,Folded
TCF4,V581F,Pathogenic,160079,P15884,Folded
TCF4,R578H,Pathogenic,93542,P15884,Folded
TCF4,R578P,Pathogenic,7374,P15884,Folded
TCF4,R580Q,Pathogenic,7371,P15884,Folded
TCF4,R580W,Pathogenic,7370,P15884,Folded
HCN1,A294V,Pathogenic,2833978,O60741,Folded
HCN1,L673R,Benign,2795440,O60741,IDR
HCN1,A387G,Pathogenic,2729721,O60741,Folded
HCN1,H53Q,Benign,2724937,O60741,IDR
HCN1,P366T,Pathogenic,2627061,O60741,Folded
HCN1,M376R,Pathogenic,2584433,O60741,Folded
HCN1,T260I,Pathogenic,2498972,O60741,Folded
HCN1,H679R,Benign,2167668,O60741,IDR
HCN1,Q617R,Benign,2147935,O60741,Folded
HCN1,R715G,Benign,2138832,O60741,IDR
HCN1,R195S,Pathogenic,2128837,O60741,Folded
HCN1,D880E,Benign,2103870,O60741,IDR
HCN1,R781G,Benign,2067284,O60741,IDR
HCN1,A387T,Pathogenic,2027999,O60741,Folded
HCN1,G303V,Pathogenic,2014403,O60741,Folded
HCN1,G79R,Benign,1911657,O60741,IDR
HCN1,N179Y,Pathogenic,1803037,O60741,Folded
HCN1,L265H,Pathogenic,1803035,O60741,Folded
HCN1,M153I,Pathogenic,1741776,O60741,Folded
HCN1,N776D,Benign,1668702,O60741,IDR
HCN1,K769R,Benign,1627880,O60741,IDR
HCN1,N677S,Benign,1626270,O60741,IDR
HCN1,P751R,Benign,1578121,O60741,IDR
HCN1,P879S,Benign,1554103,O60741,IDR
HCN1,A714S,Benign,1510095,O60741,IDR
HCN1,A387P,Pathogenic,1480620,O60741,Folded
HCN1,F81L,Benign,1391626,O60741,IDR
HCN1,G830A,Benign,1381558,O60741,IDR
HCN1,V390A,Pathogenic,1342980,O60741,Folded
HCN1,I380F,Pathogenic,1342979,O60741,Folded
HCN1,A395G,Pathogenic,1342978,O60741,Folded
HCN1,E246A,Pathogenic,1341556,O60741,Folded
HCN1,A383V,Pathogenic,1328701,O60741,Folded
HCN1,P210S,Pathogenic,1308642,O60741,Folded
HCN1,H286Q,Pathogenic,1298994,O60741,Folded
HCN1,I397M,Pathogenic,1298993,O60741,Folded
HCN1,N200S,Benign,1112424,O60741,Folded
HCN1,I693V,Benign,1105577,O60741,IDR
HCN1,G391V,Pathogenic,1074847,O60741,Folded
HCN1,K128R,Benign,1046687,O60741,Folded
HCN1,R88G,Benign,1046259,O60741,IDR
HCN1,A670V,Benign,1016986,O60741,IDR
HCN1,L774P,Benign,1013774,O60741,IDR
HCN1,S100A,Benign,1011220,O60741,Folded
HCN1,G521V,Pathogenic,976076,O60741,Folded
HCN1,W221R,Benign,975705,O60741,Folded
HCN1,A821V,Benign,948314,O60741,IDR
HCN1,P656R,Benign,935330,O60741,IDR
HCN1,V61L,Benign,864598,O60741,IDR
HCN1,T657A,Benign,838986,O60741,IDR
HCN1,A365V,Benign,833982,O60741,Folded
HCN1,A720D,Benign,833981,O60741,IDR
HCN1,P852Q,Benign,833771,O60741,IDR
HCN1,L727M,Benign,833636,O60741,IDR
HCN1,L396I,Benign,833550,O60741,Folded
HCN1,T757I,Benign,763142,O60741,IDR
HCN1,S695A,Benign,713218,O60741,IDR
HCN1,A724T,Benign,699883,O60741,IDR
HCN1,L157V,Pathogenic,635193,O60741,Folded
HCN1,V414M,Pathogenic,635192,O60741,Folded
HCN1,C329S,Pathogenic,635191,O60741,Folded
HCN1,R590Q,Pathogenic,635190,O60741,Folded
HCN1,G391S,Pathogenic,635189,O60741,Folded
HCN1,M243R,Pathogenic,635188,O60741,Folded
HCN1,P751A,Benign,588384,O60741,IDR
HCN1,N448S,Benign,582604,O60741,Folded
HCN1,I380T,Benign,579671,O60741,Folded
HCN1,P681S,Benign,578466,O60741,IDR
HCN1,S9P,Benign,530572,O60741,IDR
HCN1,P683T,Benign,530459,O60741,IDR
HCN1,T687N,Benign,530446,O60741,IDR
HCN1,G86R,Benign,530439,O60741,IDR
HCN1,Y234F,Pathogenic,461375,O60741,Folded
HCN1,R548H,Benign,461361,O60741,Folded
HCN1,A23V,Benign,404097,O60741,IDR
HCN1,P43L,Benign,404096,O60741,IDR
HCN1,R854P,Benign,404095,O60741,IDR
HCN1,S651W,Benign,404094,O60741,IDR
HCN1,M305L,Pathogenic,384546,O60741,Folded
HCN1,M153I,Pathogenic,375530,O60741,Folded
HCN1,G391D,Pathogenic,375529,O60741,Folded
HCN1,R297T,Pathogenic,139574,O60741,Folded
HCN1,S272P,Pathogenic,139573,O60741,Folded
PAX5,P130T,Pathogenic,2580271,Q02548,Folded
PAX5,S134C,Pathogenic,2580249,Q02548,Folded
PAX5,V26G,Pathogenic,2580248,Q02548,IDR
PAX5,P321H,Pathogenic,1210159,Q02548,IDR
PAX5,R221W,Pathogenic,1210158,Q02548,IDR
PAX5,D53H,Pathogenic,1210156,Q02548,IDR
PAX5,G85R,Pathogenic,1172745,Q02548,Folded
PAX5,P80R,Pathogenic,624590,Q02548,IDR
PAX5,A308V,Benign,436163,Q02548,IDR
PAX5,A322T,Benign,135003,Q02548,IDR
PAX5,V82I,Benign,134999,Q02548,IDR
PAX5,D2E,Benign,134997,Q02548,IDR
BCL11A,E489D,Benign,2650964,Q9H165,IDR
BCL11A,D599N,Benign,2650962,Q9H165,IDR
BCL11A,D59V,Pathogenic,2572238,Q9H165,Folded
BCL11A,H788Y,Pathogenic,2497886,Q9H165,Folded
BCL11A,E492K,Benign,2430008,Q9H165,IDR
BCL11A,H570Q,Benign,2294550,Q9H165,IDR
BCL11A,M1K,Pathogenic,2126136,Q9H165,Folded
BCL11A,M1I,Pathogenic,1679411,Q9H165,Folded
BCL11A,S559G,Pathogenic,1199226,Q9H165,IDR
BCL11A,I90M,Pathogenic,1177339,Q9H165,IDR
BCL11A,P19S,Pathogenic,987093,Q9H165,IDR
BCL11A,H144R,Benign,984590,Q9H165,IDR
BCL11A,T326K,Pathogenic,981906,Q9H165,IDR
BCL11A,M555L,Pathogenic,976351,Q9H165,IDR
BCL11A,S2C,Pathogenic,942345,Q9H165,Folded
BCL11A,A532V,Benign,735294,Q9H165,IDR
BCL11A,E489D,Benign,735121,Q9H165,IDR
BCL11A,Q6H,Benign,678657,Q9H165,Folded
BCL11A,C51S,Pathogenic,598955,Q9H165,Folded
BCL11A,H66Q,Pathogenic,253302,Q9H165,Folded
BCL11A,C48F,Pathogenic,253301,Q9H165,IDR
BCL11A,T47P,Pathogenic,253300,Q9H165,IDR
BRAF,D565E,Pathogenic,2769805,P15056,Folded
BRAF,F247L,Pathogenic,2674585,P15056,Folded
BRAF,G466R,Pathogenic,2501901,P15056,Folded
BRAF,W531R,Pathogenic,2430770,P15056,Folded
BRAF,M117V,Benign,2148718,P15056,IDR
BRAF,W531R,Pathogenic,1685577,P15056,Folded
BRAF,L485W,Pathogenic,1325840,P15056,Folded
BRAF,N236K,Pathogenic,1320917,P15056,Folded
BRAF,N580D,Pathogenic,1317489,P15056,Folded
BRAF,Q709E,Pathogenic,1210729,P15056,Folded
BRAF,K483I,Pathogenic,1198003,P15056,Folded
BRAF,F468L,Pathogenic,1163474,P15056,Folded
BRAF,R426T,Pathogenic,977765,P15056,IDR
BRAF,S215F,Pathogenic,802377,P15056,Folded
BRAF,G759E,Pathogenic,802372,P15056,IDR
BRAF,W531S,Pathogenic,666569,P15056,Folded
BRAF,A34V,Benign,666415,P15056,IDR
BRAF,T470P,Pathogenic,666411,P15056,Folded
BRAF,A366P,Pathogenic,645347,P15056,IDR
BRAF,I463V,Pathogenic,587514,P15056,Folded
BRAF,R384G,Benign,448924,P15056,IDR
BRAF,I326V,Benign,417225,P15056,IDR
BRAF,D742N,Benign,379609,P15056,IDR
BRAF,G596D,Pathogenic,376375,P15056,Folded
BRAF,G596S,Pathogenic,376374,P15056,Folded
BRAF,G466A,Pathogenic,376295,P15056,Folded
BRAF,D587A,Pathogenic,376294,P15056,Folded
BRAF,D587E,Pathogenic,376293,P15056,Folded
BRAF,D587E,Pathogenic,376292,P15056,Folded
BRAF,I592M,Pathogenic,376291,P15056,Folded
BRAF,F595S,Pathogenic,376290,P15056,Folded
BRAF,V600A,Pathogenic,376288,P15056,Folded
BRAF,K601N,Pathogenic,376285,P15056,Folded
BRAF,S605N,Pathogenic,376283,P15056,Folded
BRAF,K601R,Pathogenic,376169,P15056,Folded
BRAF,R444W,Pathogenic,376074,P15056,IDR
BRAF,I592V,Pathogenic,376071,P15056,Folded
BRAF,D594A,Pathogenic,376070,P15056,Folded
BRAF,D594V,Pathogenic,375946,P15056,Folded
BRAF,D594E,Pathogenic,375945,P15056,Folded
BRAF,T589P,Pathogenic,372757,P15056,Folded
BRAF,L525R,Pathogenic,372626,P15056,Folded
BRAF,G464R,Pathogenic,372572,P15056,Folded
BRAF,T599R,Pathogenic,280033,P15056,Folded
BRAF,G464R,Pathogenic,279992,P15056,Folded
BRAF,F498Y,Pathogenic,279935,P15056,Folded
BRAF,W531C,Pathogenic,265358,P15056,Folded
BRAF,S87G,Benign,234429,P15056,Folded
BRAF,S467A,Pathogenic,223138,P15056,Folded
BRAF,F595L,Pathogenic,180789,P15056,Folded
BRAF,H574Q,Pathogenic,180788,P15056,Folded
BRAF,F247L,Pathogenic,180784,P15056,Folded
BRAF,P25S,Benign,180782,P15056,IDR
BRAF,K483N,Pathogenic,177878,P15056,Folded
BRAF,L485F,Pathogenic,177844,P15056,Folded
BRAF,N581S,Pathogenic,177776,P15056,Folded
BRAF,F595L,Pathogenic,177672,P15056,Folded
BRAF,D678E,Pathogenic,162797,P15056,Folded
BRAF,F247L,Pathogenic,55793,P15056,Folded
BRAF,S323L,Benign,44834,P15056,IDR
BRAF,A31G,Benign,44833,P15056,IDR
BRAF,G265R,Pathogenic,44832,P15056,Folded
BRAF,F247V,Pathogenic,44830,P15056,Folded
BRAF,T241K,Pathogenic,44829,P15056,Folded
BRAF,K601T,Pathogenic,44818,P15056,Folded
BRAF,V600L,Pathogenic,44816,P15056,Folded
BRAF,V600M,Pathogenic,44815,P15056,Folded
BRAF,D594N,Pathogenic,44813,P15056,Folded
BRAF,H574Y,Pathogenic,44810,P15056,Folded
BRAF,E501Q,Pathogenic,44807,P15056,Folded
BRAF,T510R,Pathogenic,44804,P15056,Folded
BRAF,G469V,Pathogenic,44803,P15056,Folded
BRAF,G466R,Pathogenic,44801,P15056,Folded
BRAF,K601Q,Pathogenic,41446,P15056,Folded
BRAF,V600G,Pathogenic,40389,P15056,Folded
BRAF,T599I,Pathogenic,40388,P15056,Folded
BRAF,G596V,Pathogenic,40387,P15056,Folded
BRAF,C532Y,Pathogenic,40380,P15056,Folded
BRAF,W531L,Pathogenic,40379,P15056,Folded
BRAF,E501A,Pathogenic,40373,P15056,Folded
BRAF,K499N,Pathogenic,40372,P15056,Folded
BRAF,L485S,Pathogenic,40370,P15056,Folded
BRAF,V471I,Pathogenic,40368,P15056,Folded
BRAF,G464A,Pathogenic,40365,P15056,Folded
BRAF,F247S,Pathogenic,40349,P15056,Folded
BRAF,L245F,Pathogenic,40348,P15056,Folded
BRAF,L245F,Pathogenic,40347,P15056,Folded
BRAF,T244P,Pathogenic,40346,P15056,Folded
BRAF,D22N,Benign,40335,P15056,IDR
BRAF,W531C,Pathogenic,29808,P15056,Folded
BRAF,T241R,Pathogenic,29806,P15056,Folded
BRAF,N581D,Pathogenic,13979,P15056,Folded
BRAF,L485F,Pathogenic,13975,P15056,Folded
BRAF,G469E,Pathogenic,13974,P15056,Folded
BRAF,Q257R,Pathogenic,13973,P15056,Folded
BRAF,G469A,Pathogenic,13971,P15056,Folded
BRAF,L597V,Pathogenic,13969,P15056,Folded
BRAF,K601E,Pathogenic,13966,P15056,Folded
BRAF,A246P,Pathogenic,13965,P15056,Folded
BRAF,G464E,Pathogenic,13964,P15056,Folded
BRAF,I463S,Pathogenic,13963,P15056,Folded
BRAF,R462I,Pathogenic,13962,P15056,Folded
BRAF,V600E,Pathogenic,13961,P15056,Folded
DNMT3A,W306R,Pathogenic,3066131,Q9Y6K1,Folded
DNMT3A,G543R,Pathogenic,3062230,Q9Y6K1,Folded
DNMT3A,L508P,Pathogenic,2907310,Q9Y6K1,Folded
DNMT3A,C554S,Pathogenic,2584521,Q9Y6K1,Folded
DNMT3A,G726V,Pathogenic,2580938,Q9Y6K1,Folded
DNMT3A,L639P,Pathogenic,2578846,Q9Y6K1,Folded
DNMT3A,C494S,Pathogenic,2501700,Q9Y6K1,Folded
DNMT3A,G543S,Pathogenic,2431485,Q9Y6K1,Folded
DNMT3A,E427V,Benign,2430003,Q9Y6K1,Folded
DNMT3A,R749C,Pathogenic,2203023,Q9Y6K1,Folded
DNMT3A,R729Q,Pathogenic,1801370,Q9Y6K1,Folded
DNMT3A,R771G,Pathogenic,1709413,Q9Y6K1,Folded
DNMT3A,D529N,Pathogenic,1708274,Q9Y6K1,Folded
DNMT3A,G302A,Pathogenic,1695907,Q9Y6K1,Folded
DNMT3A,V636M,Pathogenic,1694950,Q9Y6K1,Folded
DNMT3A,C559Y,Pathogenic,1685302,Q9Y6K1,Folded
DNMT3A,Y660H,Pathogenic,1679101,Q9Y6K1,Folded
DNMT3A,I898T,Pathogenic,1321927,Q9Y6K1,Folded
DNMT3A,V636E,Pathogenic,1213129,Q9Y6K1,Folded
DNMT3A,C586F,Pathogenic,1173066,Q9Y6K1,Folded
DNMT3A,C497F,Pathogenic,1098321,Q9Y6K1,Folded
DNMT3A,F909S,Pathogenic,992315,Q9Y6K1,Folded
DNMT3A,M548T,Pathogenic,985328,Q9Y6K1,Folded
DNMT3A,Y908N,Pathogenic,981260,Q9Y6K1,Folded
DNMT3A,R556S,Pathogenic,978383,Q9Y6K1,Folded
DNMT3A,V716I,Pathogenic,977200,Q9Y6K1,Folded
DNMT3A,D333N,Pathogenic,801332,Q9Y6K1,Folded
DNMT3A,W330R,Pathogenic,801331,Q9Y6K1,Folded
DNMT3A,A3S,Pathogenic,800326,Q9Y6K1,IDR
DNMT3A,S6A,Benign,770126,Q9Y6K1,IDR
DNMT3A,T832I,Pathogenic,648721,Q9Y6K1,IDR
DNMT3A,P904S,Pathogenic,635110,Q9Y6K1,Folded
DNMT3A,P307L,Pathogenic,620043,Q9Y6K1,Folded
DNMT3A,Q842R,Pathogenic,620042,Q9Y6K1,IDR
DNMT3A,E545G,Pathogenic,559889,Q9Y6K1,Folded
DNMT3A,R771Q,Pathogenic,438287,Q9Y6K1,Folded
DNMT3A,C583Y,Pathogenic,423541,Q9Y6K1,Folded
DNMT3A,G543D,Pathogenic,420791,Q9Y6K1,Folded
DNMT3A,L738R,Pathogenic,391574,Q9Y6K1,Folded
DNMT3A,R882G,Pathogenic,375883,Q9Y6K1,Folded
DNMT3A,R882C,Pathogenic,375882,Q9Y6K1,Folded
DNMT3A,R882L,Pathogenic,375879,Q9Y6K1,Folded
DNMT3A,K299Q,Pathogenic,266030,Q9Y6K1,Folded
DNMT3A,G298W,Pathogenic,208714,Q9Y6K1,Folded
DNMT3A,F902S,Pathogenic,139619,Q9Y6K1,Folded
DNMT3A,M548K,Pathogenic,139618,Q9Y6K1,Folded
DNMT3A,I310N,Pathogenic,139617,Q9Y6K1,Folded
DNMT3A,L648P,Pathogenic,139616,Q9Y6K1,Folded
DNMT3A,N501S,Benign,133986,Q9Y6K1,Folded
FOXP1,M559I,Benign,2883469,Q9H334,IDR
FOXP1,P218H,Benign,2851792,Q9H334,IDR
FOXP1,K166I,Benign,2851548,Q9H334,IDR
FOXP1,H298Y,Benign,2835200,Q9H334,IDR
FOXP1,A609V,Benign,2777908,Q9H334,IDR
FOXP1,A339D,Pathogenic,2577931,Q9H334,Folded
FOXP1,N38S,Benign,2547933,Q9H334,IDR
FOXP1,T256M,Benign,2428277,Q9H334,IDR
FOXP1,V417I,Benign,2190914,Q9H334,IDR
FOXP1,T431A,Benign,2185228,Q9H334,IDR
FOXP1,R603Q,Benign,2180596,Q9H334,IDR
FOXP1,S561G,Benign,2175933,Q9H334,IDR
FOXP1,C258R,Benign,2129818,Q9H334,IDR
FOXP1,G210R,Benign,2121351,Q9H334,IDR
FOXP1,A398V,Benign,2106822,Q9H334,IDR
FOXP1,D675G,Benign,2092744,Q9H334,IDR
FOXP1,N597S,Benign,2072470,Q9H334,IDR
FOXP1,V652G,Benign,2070992,Q9H334,IDR
FOXP1,R497G,Benign,2068620,Q9H334,Folded
FOXP1,A601T,Benign,2043875,Q9H334,IDR
FOXP1,M271I,Benign,2032418,Q9H334,IDR
FOXP1,A164S,Benign,2028092,Q9H334,IDR
FOXP1,E611K,Benign,2002287,Q9H334,IDR
FOXP1,S448L,Benign,1974289,Q9H334,Folded
FOXP1,L51F,Benign,1944641,Q9H334,IDR
FOXP1,P286S,Benign,1935713,Q9H334,IDR
FOXP1,K10R,Benign,1935444,Q9H334,IDR
FOXP1,A462T,Benign,1909527,Q9H334,Folded
FOXP1,A213S,Benign,1908367,Q9H334,IDR
FOXP1,L204H,Benign,1903415,Q9H334,IDR
FOXP1,A54V,Benign,1776574,Q9H334,IDR
FOXP1,K309N,Benign,1719681,Q9H334,Folded
FOXP1,S290T,Pathogenic,1698865,Q9H334,IDR
FOXP1,L291S,Benign,1662707,Q9H334,IDR
FOXP1,E579D,Benign,1336670,Q9H334,IDR
FOXP1,Q574H,Pathogenic,1321547,Q9H334,IDR
FOXP1,Q476P,Pathogenic,1320132,Q9H334,Folded
FOXP1,C341R,Pathogenic,1319269,Q9H334,Folded
FOXP1,M590V,Benign,1219385,Q9H334,IDR
FOXP1,S518N,Pathogenic,1164044,Q9H334,Folded
FOXP1,P466T,Pathogenic,1013484,Q9H334,Folded
FOXP1,Q3R,Benign,984882,Q9H334,IDR
FOXP1,H515R,Pathogenic,984631,Q9H334,Folded
FOXP1,Y492C,Pathogenic,976000,Q9H334,Folded
FOXP1,R514P,Pathogenic,975881,Q9H334,Folded
FOXP1,M366V,Pathogenic,944907,Q9H334,IDR
FOXP1,T469I,Pathogenic,916082,Q9H334,Folded
FOXP1,Y470F,Pathogenic,873452,Q9H334,Folded
FOXP1,L517R,Pathogenic,801983,Q9H334,Folded
FOXP1,D334H,Pathogenic,691264,Q9H334,Folded
FOXP1,V630L,Benign,562025,Q9H334,IDR
FOXP1,R465T,Pathogenic,559905,Q9H334,Folded
FOXP1,A450T,Pathogenic,451160,Q9H334,Folded
FOXP1,M102I,Benign,435250,Q9H334,IDR
FOXP1,L355P,Pathogenic,421700,Q9H334,Folded
FOXP1,P466A,Pathogenic,374144,Q9H334,Folded
FOXP1,Q57E,Benign,281531,Q9H334,IDR
FOXP1,Y470C,Pathogenic,280463,Q9H334,Folded
FOXP1,R514C,Pathogenic,217265,Q9H334,Folded
FOXP1,W534R,Pathogenic,156541,Q9H334,Folded
FOXP1,R33P,Benign,129107,Q9H334,IDR
CTCF,V583L,Pathogenic,2824745,P49711,IDR
CTCF,L366F,Pathogenic,2637200,P49711,Folded
CTCF,Q459P,Pathogenic,2573041,P49711,Folded
CTCF,H345Y,Pathogenic,2505870,P49711,Folded
CTCF,G335R,Pathogenic,2446134,P49711,Folded
CTCF,R320H,Pathogenic,2443598,P49711,Folded
CTCF,D390V,Pathogenic,1738942,P49711,Folded
CTCF,Q44R,Benign,1701292,P49711,IDR
CTCF,C409Y,Pathogenic,1325783,P49711,Folded
CTCF,D390N,Pathogenic,1325782,P49711,Folded
CTCF,P378L,Pathogenic,1325781,P49711,Folded
CTCF,H373P,Pathogenic,1325780,P49711,Folded
CTCF,H373D,Pathogenic,1325779,P49711,Folded
CTCF,R368H,Pathogenic,1325778,P49711,Folded
CTCF,R368C,Pathogenic,1325777,P49711,Folded
CTCF,E336Q,Pathogenic,1325776,P49711,Folded
CTCF,C327S,Pathogenic,1325775,P49711,Folded
CTCF,Y226C,Pathogenic,1254810,P49711,IDR
CTCF,R377C,Pathogenic,1214237,P49711,Folded
CTCF,R448Q,Pathogenic,1203833,P49711,Folded
CTCF,R342G,Pathogenic,1176667,P49711,Folded
CTCF,H373Q,Pathogenic,1065421,P49711,Folded
CTCF,R320G,Pathogenic,976764,P49711,Folded
CTCF,D46N,Benign,975529,P49711,IDR
CTCF,C327R,Pathogenic,973091,P49711,Folded
CTCF,H455Q,Pathogenic,812003,P49711,Folded
CTCF,R283H,Pathogenic,562205,P49711,Folded
CTCF,R368S,Pathogenic,451767,P49711,Folded
CTCF,R567L,Benign,450577,P49711,Folded
CTCF,P41A,Benign,434862,P49711,IDR
CTCF,Y407C,Pathogenic,265526,P49711,Folded
CTCF,E590Q,Benign,128864,P49711,IDR
PTEN,K221E,Pathogenic,3026433,P60484,Folded
PTEN,L112R,Pathogenic,2674303,P60484,Folded
PTEN,A121E,Pathogenic,2674284,P60484,Folded
PTEN,G127R,Pathogenic,2674283,P60484,Folded
PTEN,A126D,Pathogenic,2674280,P60484,Folded
PTEN,M1R,Pathogenic,2674279,P60484,Folded
PTEN,Y27F,Pathogenic,2663192,P60484,Folded
PTEN,C105R,Pathogenic,2628372,P60484,Folded
PTEN,H118P,Pathogenic,2624869,P60484,Folded
PTEN,H64P,Pathogenic,2574362,P60484,Folded
PTEN,A121T,Pathogenic,2502558,P60484,Folded
PTEN,N276S,Pathogenic,2502345,P60484,Folded
PTEN,K66E,Pathogenic,2499958,P60484,Folded
PTEN,D326N,Pathogenic,2498032,P60484,Folded
PTEN,I67R,Pathogenic,2429351,P60484,Folded
PTEN,D19V,Pathogenic,2001733,P60484,Folded
PTEN,K125R,Pathogenic,1803052,P60484,Folded
PTEN,F81L,Pathogenic,1802604,P60484,Folded
PTEN,D92V,Pathogenic,1795656,P60484,Folded
PTEN,L57S,Pathogenic,1778538,P60484,Folded
PTEN,F195S,Pathogenic,1750073,P60484,Folded
PTEN,Y155N,Pathogenic,1742096,P60484,Folded
PTEN,C136F,Pathogenic,1737618,P60484,Folded
PTEN,D107G,Pathogenic,1728902,P60484,Folded
PTEN,C105G,Pathogenic,1728081,P60484,Folded
PTEN,H141L,Pathogenic,1708039,P60484,Folded
PTEN,Y46H,Pathogenic,1701143,P60484,Folded
PTEN,T167A,Pathogenic,1686107,P60484,Folded
PTEN,M1T,Pathogenic,1686106,P60484,Folded
PTEN,D24V,Pathogenic,1511392,P60484,Folded
PTEN,M1I,Pathogenic,1457954,P60484,Folded
PTEN,G165V,Pathogenic,1341516,P60484,Folded
KLLN,N131S,Benign,1337856,,Folded
KLLN,W149R,Benign,1337818,,Folded
KLLN,Y20H,Benign,1337087,,Folded
PTEN,G36R,Pathogenic,1334551,P60484,Folded
PTEN,L100F,Pathogenic,1207213,P60484,Folded
PTEN,Q171K,Pathogenic,1198486,P60484,Folded
PTEN,R173G,Pathogenic,1176553,P60484,Folded
PTEN,F154C,Pathogenic,1175130,P60484,Folded
KLLN,R128G,Benign,1174734,,Folded
PTEN,L25F,Pathogenic,1068214,P60484,Folded
PTEN,K342N,Pathogenic,1067478,P60484,Folded
PTEN,V249G,Pathogenic,1066565,P60484,Folded
PTEN,K267N,Pathogenic,1014805,P60484,Folded
PTEN,K13E,Pathogenic,988004,P60484,Folded
PTEN,M35L,Pathogenic,976722,P60484,Folded
PTEN,Y177H,Pathogenic,974864,P60484,Folded
PTEN,K128E,Pathogenic,958105,P60484,Folded
PTEN,S170N,Pathogenic,951765,P60484,Folded
PTEN,T26N,Pathogenic,949068,P60484,Folded
PTEN,N12I,Pathogenic,944445,P60484,Folded
PTEN,N31D,Pathogenic,943637,P60484,Folded
PTEN,V53A,Pathogenic,916219,P60484,Folded
PTEN,K128R,Pathogenic,864223,P60484,Folded
PTEN,D326G,Pathogenic,857109,P60484,Folded
PTEN,K13Q,Pathogenic,846550,P60484,Folded
PTEN,L181P,Pathogenic,825730,P60484,Folded
PTEN,S170R,Pathogenic,825458,P60484,Folded
PTEN,C124S,Pathogenic,824108,P60484,Folded
PTEN,P38L,Pathogenic,818421,P60484,Folded
PTEN,G129R,Pathogenic,804339,P60484,Folded
PTEN,K6E,Pathogenic,644390,P60484,Folded
PTEN,V255E,Pathogenic,623214,P60484,Folded
PTEN,M134I,Pathogenic,619908,P60484,Folded
PTEN,T277A,Pathogenic,571869,P60484,Folded
PTEN,S170R,Pathogenic,569301,P60484,Folded
PTEN,D310G,Pathogenic,566673,P60484,Folded
PTEN,Y155S,Pathogenic,547759,P60484,Folded
PTEN,Y68D,Pathogenic,536540,P60484,Folded
PTEN,H93N,Pathogenic,523356,P60484,Folded
PTEN,V166E,Pathogenic,486974,P60484,Folded
PTEN,G36E,Pathogenic,486972,P60484,Folded
PTEN,D107Y,Pathogenic,484614,P60484,Folded
PTEN,L345P,Pathogenic,484605,P60484,Folded
PTEN,M1V,Pathogenic,484600,P60484,Folded
PTEN,Y68S,Pathogenic,481032,P60484,Folded
PTEN,M198K,Pathogenic,468702,P60484,Folded
PTEN,A126T,Pathogenic,468683,P60484,Folded
PTEN,P96L,Pathogenic,449089,P60484,Folded
PTEN,T160I,Pathogenic,431851,P60484,Folded
PTEN,M134R,Pathogenic,431829,P60484,Folded
PTEN,H123D,Pathogenic,428277,P60484,Folded
PTEN,T277R,Pathogenic,428268,P60484,Folded
PTEN,M134I,Pathogenic,428267,P60484,Folded
PTEN,G20V,Pathogenic,428266,P60484,Folded
PTEN,R159M,Pathogenic,428262,P60484,Folded
PTEN,R173L,Pathogenic,428258,P60484,Folded
PTEN,G165R,Pathogenic,428256,P60484,Folded
PTEN,M35T,Pathogenic,428244,P60484,Folded
PTEN,R15T,Pathogenic,428243,P60484,Folded
PTEN,A126V,Pathogenic,428234,P60484,Folded
PTEN,V119L,Pathogenic,428226,P60484,Folded
PTEN,G127E,Pathogenic,428225,P60484,Folded
PTEN,H272P,Pathogenic,428223,P60484,Folded
PTEN,K128N,Pathogenic,428220,P60484,Folded
PTEN,K254T,Pathogenic,428207,P60484,Folded
PTEN,D92A,Pathogenic,428196,P60484,Folded
PTEN,W274L,Pathogenic,427600,P60484,Folded
PTEN,T202I,Pathogenic,427595,P60484,Folded
PTEN,N12T,Pathogenic,427586,P60484,Folded
PTEN,G44D,Pathogenic,427582,P60484,Folded
PTEN,P38R,Pathogenic,424262,P60484,Folded
PTEN,Y16D,Pathogenic,422899,P60484,Folded
PTEN,Y155C,Pathogenic,404168,P60484,Folded
PTEN,Y27C,Pathogenic,404160,P60484,Folded
PTEN,R15K,Pathogenic,404147,P60484,Folded
PTEN,L98R,Pathogenic,404143,P60484,Folded
PTEN,R159S,Pathogenic,375959,P60484,Folded
PTEN,R130G,Pathogenic,375958,P60484,Folded
PTEN,R47K,Pathogenic,373446,P60484,Folded
PTEN,D107V,Pathogenic,372481,P60484,Folded
PTEN,Y27S,Pathogenic,280724,P60484,Folded
PTEN,C211W,Pathogenic,279878,P60484,Folded
PTEN,L23V,Pathogenic,234830,P60484,Folded
PTEN,F81C,Pathogenic,234710,P60484,Folded
PTEN,T26P,Pathogenic,234410,P60484,Folded
PTEN,S170I,Pathogenic,233590,P60484,Folded
PTEN,D22H,Pathogenic,233456,P60484,Folded
PTEN,M35V,Pathogenic,231916,P60484,Folded
PTEN,D162E,Pathogenic,224544,P60484,Folded
PTEN,L247S,Pathogenic,223142,P60484,Folded
PTEN,Y174C,Pathogenic,220007,P60484,Folded
PTEN,H141P,Pathogenic,216422,P60484,Folded
PTEN,R173C,Pathogenic,189500,P60484,Folded
PTEN,H93D,Pathogenic,189482,P60484,Folded
PTEN,P204A,Pathogenic,189415,P60484,Folded
PTEN,C136Y,Pathogenic,189406,P60484,Folded
PTEN,P95L,Pathogenic,189403,P60484,Folded
PTEN,H61R,Pathogenic,189402,P60484,Folded
PTEN,R47G,Pathogenic,189401,P60484,Folded
PTEN,G36R,Pathogenic,189400,P60484,Folded
PTEN,D24Y,Pathogenic,189398,P60484,Folded
PTEN,L57W,Pathogenic,185713,P60484,Folded
PTEN,T277I,Pathogenic,184277,P60484,Folded
PTEN,P354Q,Benign,143020,P60484,IDR
PTEN,F200V,Pathogenic,142452,P60484,Folded
PTEN,P246L,Pathogenic,142269,P60484,Folded
PTEN,C105Y,Pathogenic,142261,P60484,Folded
PTEN,Y174N,Pathogenic,142220,P60484,Folded
PTEN,R130P,Pathogenic,142018,P60484,Folded
PTEN,S360G,Benign,140777,P60484,IDR
PTEN,G127R,Pathogenic,139568,P60484,Folded
PTEN,Q298E,Benign,127695,P60484,IDR
PTEN,S294R,Benign,127693,P60484,IDR
PTEN,G132D,Pathogenic,92822,P60484,Folded
PTEN,W111R,Pathogenic,92820,P60484,Folded
PTEN,P96S,Pathogenic,92819,P60484,Folded
PTEN,A79T,Benign,41682,P60484,Folded
PTEN,T131I,Pathogenic,39669,P60484,Folded
PTEN,T167N,Pathogenic,39668,P60484,Folded
PTEN,F241S,Pathogenic,7850,P60484,Folded
PTEN,D252G,Pathogenic,7849,P60484,Folded
PTEN,H93R,Pathogenic,7848,P60484,Folded
PTEN,A121G,Pathogenic,7842,P60484,Folded
PTEN,H61D,Pathogenic,7841,P60484,Folded
PTEN,L112P,Pathogenic,7832,P60484,Folded
PTEN,R130Q,Pathogenic,7829,P60484,Folded
PTEN,L70P,Pathogenic,7826,P60484,Folded
PTEN,M35R,Pathogenic,7825,P60484,Folded
PTEN,C124R,Pathogenic,7817,P60484,Folded
PTEN,H123R,Pathogenic,7816,P60484,Folded
PTEN,S170R,Pathogenic,7815,P60484,Folded
PTPN11,Y263N,Pathogenic,3024292,Q06124,Folded
PTPN11,Y62S,Pathogenic,2756656,Q06124,Folded
PTPN11,Q79P,Pathogenic,2735977,Q06124,Folded
PTPN11,Y396C,Pathogenic,2692574,Q06124,Folded
PTPN11,R173L,Pathogenic,2686008,Q06124,Folded
PTPN11,E121A,Pathogenic,2686007,Q06124,Folded
PTPN11,F71L,Pathogenic,2582571,Q06124,Folded
PTPN11,T73A,Pathogenic,2186260,Q06124,Folded
PTPN11,L262F,Pathogenic,2137441,Q06124,Folded
PTPN11,E139G,Pathogenic,2095543,Q06124,Folded
PTPN11,Q79H,Pathogenic,2025797,Q06124,Folded
PTPN11,E69A,Pathogenic,1997356,Q06124,Folded
PTPN11,R498Q,Pathogenic,1805026,Q06124,Folded
PTPN11,S499P,Pathogenic,1709139,Q06124,Folded
PTPN11,Y62N,Pathogenic,1485945,Q06124,Folded
PTPN11,F285L,Pathogenic,1201246,Q06124,Folded
PTPN11,G60D,Pathogenic,987743,Q06124,Folded
PTPN11,E258K,Pathogenic,982429,Q06124,Folded
PTPN11,I470T,Pathogenic,982417,Q06124,Folded
PTPN11,Q57H,Pathogenic,981577,Q06124,Folded
PTPN11,Q510L,Pathogenic,981537,Q06124,Folded
PTPN11,T468S,Benign,981534,Q06124,Folded
PTPN11,D106G,Pathogenic,978850,Q06124,Folded
PTPN11,A31G,Pathogenic,976032,Q06124,Folded
PTPN11,Q510H,Pathogenic,811634,Q06124,Folded
PTPN11,P424L,Pathogenic,807476,Q06124,Folded
PTPN11,M311T,Benign,795699,Q06124,Folded
PTPN11,F285I,Pathogenic,636408,Q06124,Folded
PTPN11,L261H,Pathogenic,575203,Q06124,Folded
PTPN11,E110D,Pathogenic,561745,Q06124,Folded
PTPN11,N320S,Pathogenic,522720,Q06124,Folded
PTPN11,I56T,Pathogenic,477669,Q06124,Folded
PTPN11,R173P,Pathogenic,450356,Q06124,Folded
PTPN11,A72D,Pathogenic,376511,Q06124,Folded
PTPN11,I282T,Pathogenic,280259,Q06124,Folded
PTPN11,R343Q,Benign,181766,Q06124,Folded
PTPN11,F71V,Pathogenic,181495,Q06124,Folded
PTPN11,E69V,Pathogenic,164997,Q06124,Folded
PTPN11,G503A,Pathogenic,162464,Q06124,Folded
PTPN11,N18S,Benign,135112,Q06124,Folded
PTPN11,Y279S,Pathogenic,65666,Q06124,Folded
PTPN11,F285L,Pathogenic,44615,Q06124,Folded
PTPN11,K131R,Benign,44607,Q06124,Folded
PTPN11,Q79K,Pathogenic,44605,Q06124,Folded
PTPN11,K70R,Pathogenic,44603,Q06124,Folded
PTPN11,L560F,Benign,44599,Q06124,IDR
PTPN11,T553M,Benign,40570,Q06124,IDR
PTPN11,Q510H,Pathogenic,40567,Q06124,Folded
PTPN11,Q510E,Pathogenic,40566,Q06124,Folded
PTPN11,Q506P,Pathogenic,40563,Q06124,Folded
PTPN11,M504V,Pathogenic,40562,Q06124,Folded
PTPN11,G503R,Pathogenic,40559,Q06124,Folded
PTPN11,G503R,Pathogenic,40558,Q06124,Folded
PTPN11,S502L,Pathogenic,40557,Q06124,Folded
PTPN11,S502A,Pathogenic,40556,Q06124,Folded
PTPN11,R501K,Pathogenic,40555,Q06124,Folded
PTPN11,R498L,Pathogenic,40554,Q06124,Folded
PTPN11,R498W,Pathogenic,40553,Q06124,Folded
PTPN11,P491S,Pathogenic,40550,Q06124,Folded
PTPN11,T468P,Pathogenic,40547,Q06124,Folded
PTPN11,A461S,Pathogenic,40546,Q06124,Folded
PTPN11,R351Q,Benign,40541,Q06124,Folded
PTPN11,I309V,Benign,40536,Q06124,Folded
PTPN11,F285L,Pathogenic,40528,Q06124,Folded
PTPN11,I282V,Pathogenic,40525,Q06124,Folded
PTPN11,R265Q,Pathogenic,40522,Q06124,Folded
PTPN11,L262R,Pathogenic,40521,Q06124,Folded
PTPN11,L261F,Pathogenic,40520,Q06124,Folded
PTPN11,Q256R,Pathogenic,40518,Q06124,Folded
PTPN11,E139D,Pathogenic,40513,Q06124,Folded
PTPN11,E139D,Pathogenic,40512,Q06124,Folded
PTPN11,D106A,Pathogenic,40506,Q06124,Folded
PTPN11,E76D,Pathogenic,40503,Q06124,Folded
PTPN11,E76D,Pathogenic,40502,Q06124,Folded
PTPN11,E69Q,Pathogenic,40498,Q06124,Folded
PTPN11,D61V,Pathogenic,40496,Q06124,Folded
PTPN11,D61N,Pathogenic,40495,Q06124,Folded
PTPN11,D61H,Pathogenic,40494,Q06124,Folded
PTPN11,G60A,Pathogenic,40493,Q06124,Folded
PTPN11,N58K,Pathogenic,40488,Q06124,Folded
PTPN11,N58D,Pathogenic,40487,Q06124,Folded
PTPN11,N58H,Pathogenic,40486,Q06124,Folded
PTPN11,I56V,Pathogenic,40485,Q06124,Folded
PTPN11,T52I,Pathogenic,40484,Q06124,Folded
PTPN11,T42A,Pathogenic,40482,Q06124,Folded
PTPN11,Q510P,Pathogenic,13344,Q06124,Folded
PTPN11,G464A,Pathogenic,13343,Q06124,Folded
PTPN11,Q79R,Pathogenic,13340,Q06124,Folded
PTPN11,E76A,Pathogenic,13339,Q06124,Folded
PTPN11,E76V,Pathogenic,13337,Q06124,Folded
PTPN11,F285S,Pathogenic,13335,Q06124,Folded
PTPN11,T73I,Pathogenic,13334,Q06124,Folded
PTPN11,Y63C,Pathogenic,13333,Q06124,Folded
PTPN11,S502T,Pathogenic,13332,Q06124,Folded
PTPN11,T468M,Pathogenic,13331,Q06124,Folded
PTPN11,D61G,Pathogenic,13330,Q06124,Folded
PTPN11,Y62D,Pathogenic,13329,Q06124,Folded
PTPN11,N308S,Pathogenic,13327,Q06124,Folded
PTPN11,N308D,Pathogenic,13326,Q06124,Folded
PTPN11,A72S,Pathogenic,13324,Q06124,Folded
